{"Blj1PBMofqesKaATZvNBtw==":"logo1.png","E8khmfp2o9KQ4dTH+lYH8Q==":"handeyi-96x47.png","DLe1usAYt1mea7M+8KHAKw==":"background1.jpg","zsexfkv5aJjlAMVTugJszw==":"dummy-logo.png","oRykAiO0rUD++7AmPeEwUg==":"background1-1.jpg","JHvN4ON0NTdJUjB9Ouk9LA==":"1.jpg","ISa2/cwAIys32gVO3wCP9w==":"2.jpg","6ofA0AZfSDunlfZwBP5m+A==":"3.jpg","tnpTWekYEgatPEQSLxEORg==":"17.jpg","tah/qgwfgMhIcHKbk0RH+w==":"background3.jpg","k3vmpQASBI4dJ/Xb1Qyz+g==":"background13.jpg","f9mowdjxKuZFmHa2nU70kg==":"background.jpg","f7xQxR3ywyNvwZgY48UHpg==":"1000_f_386868295_cwcqaeewcqusb8mafrfrg4rv97my2zw4-1000x591.jpg","+QgZzPJWG40+XWF9jkUX9w==":"1000_f_386868295_cwcqaeewcqusb8mafrfrg4rv97my2zw4-968x591.jpg","KSjYsB0OKwdokEy4X9U8mg==":"e6hx5qwxeay2jix_(1)-360x234.jpg","zxFt3tNROJiPFsABoZDgkQ==":"img_20210920-170352-696x522.jpg","dxu8PFqCuQs0pfm1Xi+xvg==":"img_20210920-180752-696x928.jpg","3Al1zMjMdxDEVGn/ZHUbrQ==":"img_20200114-100821-696x522.jpg","XNiukYzb/mo7b0T9B6VkLA==":"20220210-162002-696x522.jpg","FQvPXKhZqE/l4kCwEk72ng==":"img_20211115-84413-696x522.jpg","LfDEnyLIjrnw8fvtXiRPRQ==":"2a3e7b8f4c24e06cb577ea969ea29bb2-696x1024.jpg","9/ZRBANEkqVZaKOwZy6KHA==":"epaton-360x234.png","YfoQ31bV/P6uzXB7zc60Jw==":"demo-696x522.png"}