{"file:///C:/Users/MCT/Desktop/New%20folder%20(3)/Handeyi%20imgs":{"assets/images/hashes.json":"5h5Ac0ZrUwIPisPynazhXg==","assets/images/handeyi-96x47.png":"E8khmfp2o9KQ4dTH+lYH8Q==","assets/images/20220210-162002-696x522.jpg":"XNiukYzb/mo7b0T9B6VkLA==","assets/images/img-20200114-100821-696x522.jpg":"3Al1zMjMdxDEVGn/ZHUbrQ==","assets/images/demo-696x522.png":"YfoQ31bV/P6uzXB7zc60Jw==","assets/images/img-20211115-84413-696x522.jpg":"FQvPXKhZqE/l4kCwEk72ng==","assets/images/epaton-360x234.png":"9/ZRBANEkqVZaKOwZy6KHA==","assets/images/e6hx5qwxeay2jix-1-360x234.jpg":"KSjYsB0OKwdokEy4X9U8mg==","assets/images/2.jpg":"ISa2/cwAIys32gVO3wCP9w==","assets/images/background13.jpg":"k3vmpQASBI4dJ/Xb1Qyz+g==","assets/images/background.jpg":"f9mowdjxKuZFmHa2nU70kg==","assets/images/3.jpg":"6ofA0AZfSDunlfZwBP5m+A==","assets/images/1000-f-386868295-cwcqaeewcqusb8mafrfrg4rv97my2zw4-968x591.jpg":"+QgZzPJWG40+XWF9jkUX9w==","assets/bootstrap/css/bootstrap.min.css":"qGiBfMEZYUPQ8GJUeqipZw==","assets/bootstrap/css/bootstrap-grid.min.css":"4bnuDDTauYpkcZNhkYKtrg==","assets/bootstrap/css/bootstrap-reboot.min.css":"/iLrQLzPIC+HbKPQfUweBg==","assets/bootstrap/js/bootstrap.bundle.min.js":"4jB/FPBUKrTUyehEkinqIg==","assets/smoothscroll/smooth-scroll.js":"I6Cnt5FZXvE7AwxKBjLHIw==","assets/theme/css/style.css":"zwvoPTBYU/IAfgCqrVEA6Q==-VITbTf54ezV7Z7I/e4lZVw==","assets/ytplayer/index.js":"9wfq/7YeBJqDjIMD22ikow==","assets/popper/popper.min.js":"NiE4ESlZe/NNSKniYj4FyQ==","assets/tether/tether.min.css":"YhVaOUjL8Xsb9LQHyQq4Tw==","assets/tether/tether.min.js":"PlC291/0Eo8keLHUT4D9+w==","assets/dropdown/css/style.css":"Vb8nb3PvfIj5jIp56aQkiA==","assets/dropdown/js/navbar-dropdown.js":"+zsyY+Azav1PQJWv8lLucw==","assets/touchswipe/jquery.touch-swipe.min.js":"9g/wVGnRdXmW2F9BctT/TQ==","assets/animate-css/css/animate.css":"zydBo6fqhCet5lFTOlTvGw==","assets/animate-css/css/animate.compat.css":"m7GKyT6jXMA+cWkcSvCVaA==","assets/animate-css/css/animate.min.css":"wL6OUyJqw0gz/ZtdvAHrxQ==","assets/animate-css/css/animation_utility.css":"wTLHeE1jaaLYVQ2qUERc6g==","assets/animate-css/js/oyethemes_onscroll_animation.js":"oFzZWLehhJVabE31f7TXfA==","assets/dentaura-preloader/dentaura-preloader.css":"FR6+5Scx5Ey7Y+8OxhpQ9A==","assets/dentaura-preloader/dentaura-preloader.js":"LEPPrDLaTeiP5QlcVaqo4w==","assets/formstyler/jquery.formstyler.css":"ajjp8ztH9eVUk4rdhVGFYg==","assets/formstyler/jquery.formstyler.js":"DOK+mP4W5Ag9IfhHtpWNMg==","assets/formstyler/jquery.formstyler.min.js":"AZwL++bNUiLJxmlnInDaEQ==","assets/formstyler/jquery.formstyler.theme.css":"J/V1s94HUkXblUKKORPI7w==","assets/sociallikes/social-likes.js":"Zf2ETbrWOdfatA2cg4OdBw==","assets/mobigary-floatcontact1/mobigary-floatcontact1.js":"HLa/bWA6FLTuFk+MtcVNlA==","assets/web/assets/mobirise-icons2/mobirise2.css":"+RO7OxVtE1FsD/N7V3/ADw==","assets/web/assets/mobirise-icons2/mobirise2.eot":"B2EjryGRojlTpzr1GHt3LQ==","assets/web/assets/mobirise-icons2/mobirise2.svg":"usCYAy7QdzckfeGReb9wWQ==","assets/web/assets/mobirise-icons2/mobirise2.ttf":"VMdAr7YYQ2ab9KiUyabAGA==","assets/web/assets/mobirise-icons2/mobirise2.woff":"xY3InaTfYGp0nlCuQBMudQ==","assets/socicon/css/styles.css":"yjHs7tV2SewoW36KZ0bi9w==","assets/socicon/fonts/socicon.eot":"MvYQV8XxgngrhGqjN3oHBw==","assets/socicon/fonts/socicon.svg":"U1iRKoyNjKeR+mUJr3QbXg==","assets/socicon/fonts/socicon.ttf":"IyAo3XNB2a/Q0ml3ZraPsQ==","assets/socicon/fonts/socicon.woff":"zQDjXd6bBUQi87pRsBWVqQ==","assets/socicon/fonts/socicon.woff2":"o3w8h99EHOwP99NXAoHpOQ==","assets/web/assets/mobirise-icons/mobirise-icons.css":"t/IrTIzfJvbDUoCV05F+7Q==","assets/web/assets/mobirise-icons/mobirise-icons.eot":"T9iJ+Vffe7n6Gk/+pf9gEw==","assets/web/assets/mobirise-icons/mobirise-icons.svg":"Yp5pSlGdnLgPdQLUa/Yv3w==","assets/web/assets/mobirise-icons/mobirise-icons.ttf":"r0OtN8kuMaYwUc+mlGDUWA==","assets/web/assets/mobirise-icons/mobirise-icons.woff":"3aYYVAIqADvsB1jjxJZ73w==","assets/web/assets/mobirise-icons-bold/mobirise-icons-bold.css":"oCz4VsqVNHRevrgedUE3iA==","assets/web/assets/mobirise-icons-bold/mobirise-icons-bold.eot":"xL5gaCBkZEP9ksoDCgYMlg==","assets/web/assets/mobirise-icons-bold/mobirise-icons-bold.svg":"/6YZxrduGdMApfjQkLfW0g==","assets/web/assets/mobirise-icons-bold/mobirise-icons-bold.ttf":"My4xH5UmdimFH1eritsxVw==","assets/web/assets/mobirise-icons-bold/mobirise-icons-bold.woff":"4H/XculakPzhz3skasBxzg==","assets/font-awesome-brands/../css/fontawesome.min.css":"PfCyez513n79gArx131WzA==","assets/font-awesome-brands/css/brands.min.css":"dJN5T1ExrC7eM/qNDV2mCw==","assets/font-awesome-brands/fonts/fa-brands-400.eot":"+4jg6xz0+tWGeLzYJl7gfw==","assets/font-awesome-brands/fonts/fa-brands-400.svg":"LxIkI3Xt1o6QE+z7WcZy6Q==","assets/font-awesome-brands/fonts/fa-brands-400.ttf":"jInfRywT+cff0/X8/qUerw==","assets/font-awesome-brands/fonts/fa-brands-400.woff":"ySJIJq3g43w0pFcHbrdswA==","assets/font-awesome-brands/fonts/fa-brands-400.woff2":"jPNmFiMZbC4f1UCUZZ8gOQ==","assets/formoid/formoid.min.js":"zBU/hUHTSi6MGNGvdCiuqA==","assets/witsec-jquery-3.5.1/jquery-3.5.1.min.js":"3F5/GMjTasHT1HU6h8mNCg=="}}